{"cameraMode":{"drawMode":0,"name":"Shaded","section":"Shading Mode"},"sceneLighting":true,"audioPlay":false,"sceneViewState":{"m_AlwaysRefresh":false,"showFog":true,"showSkybox":true,"showFlares":true,"showImageEffects":true,"showParticleSystems":true,"showVisualEffectGraphs":true,"m_FxEnabled":true},"in2DMode":false,"pivot":{"x":355.30303955078127,"y":801.6812744140625,"z":737.7860107421875},"rotation":{"x":0.05978773534297943,"y":0.1266104131937027,"z":-0.007637083996087313,"w":0.9901260733604431},"size":1524.9334716796875,"orthographic":false}